Name,CreationTime,LastModifiedTime
test-bucket,2025-06-28T20:32:11+05:00,2025-06-28T20:32:11+05:00
daryn-bucket,2025-06-28T20:38:45+05:00,2025-06-28T20:38:45+05:00
bucket,2025-06-28T23:49:27+05:00,2025-06-28T23:49:27+05:00
buck-e-t,2025-06-28T23:59:04+05:00,2025-06-28T23:59:04+05:00
buck-.-t,2025-06-28T23:59:16+05:00,2025-06-28T23:59:16+05:00
buck,2025-06-29T00:13:29+05:00,2025-06-29T00:13:29+05:00
bucke,2025-06-29T00:34:46+05:00,2025-06-29T00:34:46+05:00
test-test,2025-06-29T02:11:43+05:00,2025-06-29T02:11:43+05:00
hello,2025-06-29T02:12:07+05:00,2025-06-29T02:12:07+05:00
